age,income,credit_score,months_customer,num_products,balance,country,gender,has_credit_card,is_active_member,churn
56,125186.0,414,85,2,37111.29384301278,France,Male,No,No,1
69,54674.0,622,72,1,92076.66084633574,USA,Female,Yes,Yes,0
46,55854.0,339,55,1,,USA,Male,No,No,1
32,66271.0,339,9,4,53833.19432557134,France,Female,Yes,No,1
60,93688.0,588,47,3,26885.35143821935,UK,Female,Yes,Yes,0
25,58518.0,561,15,3,36844.89199165789,Spain,Female,Yes,No,1
38,131076.0,515,48,4,89534.60891531693,Spain,Female,No,No,1
56,30267.0,446,110,1,66646.30475268357,Germany,Female,No,Yes,1
36,110825.0,635,104,2,78738.70267523329,France,Male,No,Yes,0
40,21062.0,467,82,1,45434.542306765514,Germany,Female,No,No,1
28,136664.0,391,42,1,63024.72194561579,Germany,Female,Yes,No,1
28,70448.0,652,60,2,24838.36087432075,USA,Male,No,Yes,0
41,115462.0,662,84,4,70546.08302834863,Spain,Male,Yes,Yes,0
53,26229.0,644,70,3,42760.13337033373,Germany,Male,No,No,0
57,76793.0,469,12,4,44254.551481474555,USA,Female,No,No,1
41,134813.0,655,2,4,64932.232457688166,France,Female,Yes,No,0
20,67915.0,490,7,1,93628.06214689267,Germany,Female,Yes,Yes,1
39,24632.0,721,80,3,6400.6346608620925,Spain,Female,No,No,1
19,124592.0,306,3,3,82474.32373470077,,Female,No,Yes,0
41,23596.0,432,109,4,29238.311041219313,France,Female,Yes,Yes,0
61,129779.0,330,3,2,44391.94545063778,Germany,Male,Yes,Yes,0
47,26168.0,834,27,4,2191.3328775008954,Spain,Male,Yes,No,1
55,128099.0,725,114,2,30104.607783431304,USA,Female,Yes,No,0
19,27561.0,693,107,3,50263.12426301305,Spain,Female,Yes,No,1
38,93794.0,662,40,4,5617.607734743901,USA,Female,No,Yes,0
50,102152.0,736,102,1,49109.572938316516,UK,Female,No,No,1
29,145036.0,381,33,4,92711.06288584274,Spain,Female,No,Yes,1
39,144049.0,655,92,3,10539.321810780522,Spain,Male,No,Yes,0
61,46734.0,557,1,1,76444.07280755043,France,Male,Yes,Yes,0
42,,823,119,1,40967.10533759926,Germany,Female,Yes,Yes,0
66,138894.0,594,8,2,65517.37145243381,USA,Male,Yes,Yes,0
44,46069.0,523,101,1,26023.659798522935,USA,Female,No,Yes,0
59,99905.0,824,32,1,15949.226254135829,France,Female,Yes,No,1
45,32910.0,345,48,4,16046.261427122643,France,Female,Yes,Yes,0
33,93479.0,412,107,3,7049.1945643144645,Germany,Male,No,No,1
32,97735.0,532,101,2,18564.670490124303,Germany,Male,No,Yes,0
64,101264.0,316,4,4,66421.93849889682,Spain,Female,No,No,1
68,43275.0,659,94,1,88169.06118435081,UK,Male,Yes,No,1
61,92274.0,522,70,1,81412.56855911619,Germany,Male,Yes,No,1
69,101449.0,747,110,2,68513.4309874484,France,Female,No,No,0
20,120776.0,664,118,3,11043.186341110268,,Male,No,Yes,0
54,80004.0,625,19,2,28918.744629594985,USA,Male,Yes,Yes,0
68,82981.0,766,32,4,30980.6875322469,UK,Female,No,Yes,0
24,104659.0,713,9,2,24995.69463976212,Spain,Female,Yes,Yes,0
38,,754,12,1,51500.56597097231,USA,Male,No,No,1
26,,532,11,4,53555.38148796726,USA,Female,No,No,1
56,54529.0,523,46,1,35688.59751711102,UK,Male,No,No,1
35,146394.0,711,119,3,35378.9158736436,Spain,Female,Yes,Yes,0
21,95703.0,634,16,1,82855.55979060814,France,Female,Yes,No,1
42,96090.0,521,1,1,78929.28483196856,Spain,Female,No,Yes,0
31,37260.0,336,63,2,30779.583168074565,Germany,Female,Yes,No,1
67,132581.0,577,109,1,91378.84438732592,USA,Male,No,No,1
26,23812.0,495,119,4,95281.5017002506,Germany,Female,No,No,1
43,48024.0,783,117,4,32674.254203004082,France,Female,Yes,No,0
19,78656.0,541,21,3,35442.49487930549,Germany,Female,Yes,No,1
37,136148.0,623,30,4,50563.41534219588,Spain,Male,Yes,Yes,0
45,47285.0,491,13,2,94112.08125336735,Germany,Male,Yes,No,1
64,112436.0,316,34,3,87631.94331423115,France,Female,No,Yes,0
24,136421.0,823,4,4,10256.79625835898,France,Female,Yes,Yes,0
61,21605.0,700,28,2,39273.07432714162,France,Female,Yes,Yes,0
25,91158.0,321,102,4,55337.11897497719,Spain,Female,No,Yes,1
64,92303.0,773,95,4,50313.247255154005,France,Female,No,Yes,0
52,47139.0,419,59,1,19386.306793689266,USA,Female,No,Yes,1
31,97149.0,509,119,4,85881.67711681547,France,Male,No,Yes,0
34,76138.0,605,27,4,67694.07829968374,Germany,Female,Yes,Yes,0
53,138205.0,569,69,2,83790.83748518035,Germany,Female,Yes,No,0
67,96125.0,584,25,2,85876.42793494722,Germany,Female,No,No,1
57,33918.0,526,3,1,74835.58536657397,Spain,Female,No,Yes,0
21,105655.0,680,97,4,43921.06012497174,Germany,Female,Yes,Yes,0
19,47446.0,759,68,1,61054.67550154246,Spain,Female,Yes,Yes,1
23,144040.0,306,25,4,16036.540611974315,Spain,Male,Yes,No,1
59,33046.0,328,20,3,67364.54174749077,France,Male,Yes,No,1
21,149922.0,332,34,3,17925.325573928076,USA,Male,Yes,Yes,1
46,44818.0,378,26,1,69394.95905101568,France,Male,No,Yes,1
35,120894.0,758,5,1,,France,Male,No,No,1
43,135751.0,837,99,1,11755.130015021998,,Male,No,No,1
61,24324.0,781,61,2,16528.449014295744,Spain,Female,No,Yes,0
51,96323.0,729,92,2,199.2135219070268,Germany,Female,Yes,Yes,0
27,29111.0,584,93,2,71873.96178535302,Germany,Female,No,Yes,0
53,58110.0,815,9,1,73240.10490583791,France,Female,Yes,Yes,0
31,36389.0,398,116,4,51493.334991325944,UK,Female,Yes,No,1
48,142177.0,696,102,3,16136.28010553837,UK,Female,Yes,No,0
65,61427.0,788,50,1,8355.433751068975,Germany,Male,Yes,Yes,1
32,99579.0,338,6,2,1912.8966437287008,UK,Female,Yes,Yes,0
25,48746.0,570,83,2,16574.81769652207,Germany,Male,Yes,Yes,0
31,142883.0,456,60,1,89085.55349831468,Spain,Male,Yes,No,1
40,107886.0,374,44,1,24153.684170168177,France,Female,No,Yes,1
57,127141.0,429,11,2,35427.132721721566,USA,Female,Yes,Yes,1
38,20117.0,383,66,4,10534.548448133319,France,Female,No,Yes,0
33,145808.0,321,47,2,22236.13047481703,Germany,Female,No,No,1
62,132221.0,758,108,2,51922.45707802051,Germany,Female,Yes,Yes,0
35,104471.0,838,108,1,60775.268309565254,,Female,Yes,No,1
64,132613.0,681,73,4,24535.231416621107,Germany,Female,No,Yes,0
41,,739,85,2,5773.215922511721,UK,Male,No,Yes,0
43,149597.0,320,88,2,39103.286912739866,UK,Female,No,Yes,0
42,123864.0,602,98,3,23420.337092633414,Germany,Female,No,No,0
62,73441.0,383,86,1,21955.392322980195,Germany,Male,Yes,Yes,1
58,20846.0,752,3,3,95986.28027134553,,Female,Yes,Yes,0
46,,686,76,3,61630.048592572406,Germany,Female,Yes,No,0
32,,806,92,2,55687.84431720959,Germany,Male,No,No,0
62,133689.0,556,30,1,41577.51035233219,France,Female,Yes,No,1
18,66514.0,826,90,4,42894.433343014425,USA,Female,No,Yes,0
42,108236.0,461,112,2,54090.50038380808,UK,Female,Yes,No,1
24,117579.0,462,21,4,,France,Female,No,Yes,0
26,148644.0,823,28,4,70214.60961818295,USA,Female,Yes,No,1
41,26469.0,570,90,1,17169.390770544956,Germany,Female,Yes,No,1
18,50105.0,791,62,3,50011.2752076627,Germany,Male,No,No,1
61,62101.0,507,33,1,41195.80950341019,France,Female,No,Yes,0
25,84323.0,838,85,4,87052.69662693841,Germany,Female,No,Yes,0
41,111922.0,359,35,2,63141.89212183764,Spain,Male,No,Yes,0
28,78067.0,729,52,4,53250.40664159818,France,Male,No,Yes,0
68,69376.0,608,34,2,11539.464217891737,USA,Female,Yes,Yes,0
34,65587.0,819,41,2,60563.788932341144,France,Male,No,Yes,0
25,56976.0,326,51,1,11720.390568023342,UK,Female,Yes,Yes,1
52,124587.0,498,47,4,33720.65755657521,France,Female,Yes,Yes,1
52,147534.0,686,82,3,14284.196481433186,Germany,Male,Yes,Yes,0
50,87584.0,648,58,4,69207.36470243688,Germany,Female,Yes,No,0
22,124537.0,835,75,4,20625.21138361526,Spain,Female,Yes,No,1
59,,677,57,3,39185.9373188026,Spain,Male,No,Yes,0
56,130911.0,826,23,1,89567.47776187786,Spain,Male,No,Yes,0
58,62533.0,452,48,4,20431.63833989703,USA,Male,Yes,Yes,0
45,21828.0,505,22,4,50780.506395877914,Spain,Male,Yes,Yes,0
24,21917.0,754,17,2,41927.1661166022,USA,Female,No,No,1
26,40618.0,572,69,4,1812.4041045729732,Spain,Male,No,No,1
25,52254.0,535,108,3,79275.81135728127,USA,Male,Yes,Yes,0
29,125292.0,820,11,2,,France,Male,No,No,1
51,136714.0,800,94,1,47425.50209769536,France,Male,No,No,1
50,67362.0,416,15,2,56067.82949389499,Germany,Male,No,Yes,0
65,40128.0,685,91,3,62842.64566145871,USA,Female,Yes,Yes,0
40,143781.0,643,35,3,68863.16293078756,,Male,No,Yes,0
41,131281.0,694,33,2,25327.23835227151,Germany,Female,Yes,Yes,0
54,79383.0,363,84,1,997.8776658449373,France,Male,Yes,No,1
52,85545.0,371,16,2,72344.3662354912,USA,Male,Yes,Yes,0
61,102180.0,573,34,1,53565.65993475786,Spain,Male,Yes,No,1
57,107958.0,619,66,2,83611.77032072487,UK,Male,Yes,Yes,0
39,29865.0,637,99,3,82138.83629006943,France,Male,No,No,1
44,22219.0,665,40,4,84332.61677878832,Germany,Male,Yes,Yes,0
52,59809.0,794,28,4,48509.465997954016,USA,Male,Yes,Yes,0
18,136748.0,465,47,1,33362.83958368657,UK,Male,Yes,No,1
52,,843,39,1,79155.820259137,USA,Female,No,No,1
54,146593.0,310,70,1,45129.411302925495,Spain,Male,No,No,1
64,54387.0,600,73,3,18344.21964034345,Germany,Female,No,Yes,0
31,28512.0,401,20,2,85497.40195614743,USA,Male,No,No,1
20,21342.0,724,1,3,88255.98767723472,France,Female,No,No,1
18,83076.0,691,72,4,46630.975614017014,Germany,Male,No,No,1
22,128872.0,513,119,1,7569.972730978747,France,Male,No,No,1
43,39216.0,387,87,2,38782.60899169312,USA,Male,Yes,No,1
31,137512.0,700,63,4,80353.76594626033,Germany,Female,Yes,No,0
56,136682.0,345,67,4,90177.40285462287,France,Female,No,No,1
44,113070.0,762,4,4,20347.274249759583,Spain,Female,Yes,No,1
26,99767.0,609,58,3,6697.361202527152,Spain,Female,Yes,No,1
32,117829.0,385,25,1,87735.04531328386,USA,Male,No,Yes,0
32,46614.0,391,47,4,,Germany,Male,Yes,Yes,0
43,56258.0,541,38,1,54176.096426756325,UK,Male,Yes,No,1
59,113789.0,301,15,3,96806.5812050759,Germany,Female,No,Yes,0
30,62078.0,524,63,4,6656.472791422286,Spain,Male,Yes,Yes,0
68,126288.0,415,21,3,64831.800745209555,France,Female,No,No,1
49,103524.0,402,99,3,7410.542257486707,UK,Female,No,No,1
56,116573.0,493,57,1,37546.89284665004,USA,Female,Yes,No,1
66,32219.0,465,117,4,80381.45451934467,UK,Female,Yes,No,1
69,20235.0,389,53,3,43347.22327556344,USA,Female,Yes,No,1
49,62929.0,421,46,4,99718.23539029504,UK,Male,No,No,1
21,147309.0,442,116,1,55905.92849466022,USA,Female,No,Yes,1
47,87444.0,405,14,3,32116.21526359535,,Female,No,No,1
54,28567.0,727,100,1,22011.132590475314,UK,Male,Yes,Yes,0
40,121834.0,604,76,4,35052.05342861618,UK,Female,Yes,No,1
56,90792.0,616,17,4,37253.32737595508,USA,Female,No,No,1
62,85441.0,308,39,1,6871.367772396097,Spain,Male,Yes,Yes,1
32,104555.0,372,9,2,,UK,Male,Yes,No,1
60,93698.0,658,99,3,46423.851973922494,Germany,Male,No,No,0
46,144450.0,522,77,4,72273.77522388047,France,Female,No,Yes,0
53,137248.0,715,79,4,65672.9484721608,USA,Male,Yes,No,0
30,25415.0,669,82,3,,USA,Male,No,Yes,0
49,56159.0,563,115,1,836.3681876857098,France,Male,Yes,No,1
24,63925.0,617,97,1,21766.739958053604,Spain,Female,No,No,1
68,146523.0,383,6,1,66168.42883998565,France,Male,No,Yes,0
39,,617,91,2,48398.93681797471,UK,Female,No,No,0
45,107388.0,410,23,2,531.3475668345947,France,Female,Yes,Yes,0
19,28007.0,550,59,4,80449.46424318223,USA,Male,Yes,Yes,0
59,146730.0,682,91,1,77280.95732903374,France,Female,No,Yes,0
62,61832.0,306,98,3,54841.916299356264,Germany,Female,No,No,1
23,78596.0,758,46,4,6646.332577627212,UK,Male,No,No,1
45,141101.0,383,38,3,76651.50495325847,France,Female,Yes,Yes,0
45,50523.0,507,14,4,58371.358773136395,USA,Male,No,No,0
61,108861.0,689,100,2,78195.99771579592,UK,Female,No,No,1
61,144194.0,613,117,4,75174.69923958404,USA,Female,No,No,0
37,106740.0,321,72,2,80300.20719578372,Spain,Male,No,Yes,0
47,35524.0,709,62,4,51800.806640462484,Germany,Male,Yes,No,0
28,149028.0,814,35,1,,Spain,Female,Yes,Yes,1
45,39282.0,426,19,3,67115.74733796887,Germany,Female,No,No,1
42,43930.0,313,30,1,62047.37850519706,France,Male,Yes,No,1
56,20077.0,311,78,4,74225.31871990871,UK,Female,Yes,Yes,1
50,125881.0,386,84,4,16988.10060507353,France,Female,Yes,No,1
18,145501.0,823,113,4,19497.519990028923,Germany,Female,No,Yes,0
44,40611.0,836,25,2,89040.95172193286,Germany,Female,Yes,No,0
69,36984.0,600,40,3,74997.77984520709,Germany,Male,Yes,Yes,0
30,34060.0,542,88,3,90822.84887003229,USA,Male,Yes,No,1
58,102985.0,421,14,4,75871.53211639207,UK,Male,No,No,1
20,104056.0,446,26,4,59715.530599030186,France,Male,No,No,1
56,145329.0,655,102,2,65413.273702787366,France,Male,Yes,Yes,0
23,63303.0,608,87,1,88912.792394001,Spain,Male,Yes,Yes,0
25,79207.0,587,22,1,57880.67545119405,Germany,Female,No,Yes,1
44,95046.0,606,48,3,63239.13243283874,Germany,Male,No,No,1
26,49287.0,848,83,2,15647.671600360058,,Female,Yes,Yes,0
54,113709.0,651,110,4,47392.12201161027,France,Female,Yes,Yes,0
50,59711.0,611,51,3,71639.7111958099,Spain,Female,No,Yes,0
68,31954.0,358,3,2,27094.269831636542,USA,Male,No,Yes,1
59,93340.0,334,42,1,20225.418052453493,,Female,Yes,Yes,1
61,,744,19,2,31382.680822441554,USA,Male,No,Yes,0
41,91520.0,392,73,1,24150.062799283343,France,Female,Yes,Yes,1
32,107062.0,506,28,2,21491.263703639586,Germany,Female,Yes,Yes,0
49,122974.0,652,84,3,42485.08428680869,UK,Male,Yes,Yes,0
49,38574.0,631,45,1,90783.8513883534,France,Female,No,Yes,0
41,29184.0,458,71,3,50705.96467387183,France,Female,Yes,No,1
58,39096.0,323,78,3,18792.038081532304,France,Female,Yes,No,1
69,87728.0,703,63,1,7697.166938087407,UK,Female,No,Yes,0
66,54016.0,815,73,1,69615.61451379252,UK,Male,No,No,1
66,31246.0,663,119,4,38279.87644363879,Spain,Female,Yes,No,0
69,65558.0,681,19,4,82183.09465853592,Spain,Female,Yes,Yes,0
29,138721.0,831,47,4,65951.07686407703,USA,Male,No,Yes,0
56,38381.0,451,116,3,79624.14505413685,UK,Female,No,Yes,0
19,147796.0,719,14,3,27194.603941844874,UK,Female,No,No,1
20,56455.0,549,38,4,69235.89224610581,UK,Female,Yes,Yes,0
66,,416,53,3,26406.198469371877,Spain,Female,Yes,No,1
54,24018.0,811,61,3,93906.84794502916,France,Male,Yes,Yes,0
66,31302.0,634,36,1,63637.42815333744,Germany,Female,No,No,1
34,87506.0,717,40,1,32451.18001753421,Spain,Male,Yes,No,1
66,61157.0,594,81,3,26951.186229227264,UK,Female,No,Yes,0
19,74917.0,670,30,4,19092.65850716435,Spain,Female,Yes,Yes,0
19,112738.0,485,9,2,69464.09588937278,USA,Female,No,No,1
45,116646.0,545,64,4,21871.56129979273,UK,Male,Yes,No,1
40,103122.0,567,33,2,59530.326592748905,USA,Female,Yes,Yes,0
54,44519.0,536,52,4,26463.502692535734,UK,Female,No,Yes,0
49,116809.0,829,89,1,66196.89447938686,Spain,Male,No,No,1
50,107487.0,320,14,3,81493.97285405392,France,Male,Yes,Yes,0
18,76819.0,819,75,3,77802.52431446532,Germany,Male,No,No,1
36,100910.0,399,53,1,76085.13309307817,USA,Male,No,Yes,1
19,140430.0,777,99,2,18772.240569225207,Spain,Female,Yes,Yes,0
61,91324.0,597,105,2,8838.49469845187,France,Female,No,Yes,0
43,25408.0,825,59,2,69894.88284873856,Spain,Female,Yes,No,1
49,79379.0,633,78,1,36834.721379435134,USA,Female,Yes,Yes,0
23,45053.0,301,94,2,43234.62264033473,Germany,Male,No,No,1
49,29446.0,674,41,1,3114.9092793391064,Spain,Female,No,Yes,0
21,20922.0,592,68,4,25957.64492750492,UK,Female,Yes,No,1
28,118723.0,617,68,4,3367.640387446402,France,Female,Yes,No,1
34,71356.0,801,92,1,87918.57726012476,Spain,Female,Yes,Yes,0
55,30789.0,680,8,3,24339.66832185305,France,Male,Yes,No,0
41,117720.0,313,2,4,55733.71695730081,UK,Female,Yes,No,1
22,86656.0,803,105,2,3897.9320661130414,Germany,Female,Yes,No,1
69,64028.0,530,110,1,66684.73913056581,Germany,Female,No,No,1
51,84484.0,383,86,2,32302.734575409388,UK,Male,No,Yes,0
23,,429,41,2,89791.91869576658,France,Male,No,Yes,1
39,102870.0,444,55,3,88811.81889340359,Spain,Female,Yes,Yes,0
28,22336.0,327,16,2,32529.061836174777,UK,Female,No,No,1
65,123677.0,365,93,3,90096.08956904679,USA,Female,Yes,No,1
33,87779.0,462,62,4,99615.76734987787,France,Male,Yes,Yes,0
50,39029.0,528,113,1,82541.56641239481,Germany,Female,No,Yes,0
26,79201.0,560,48,2,84487.13477552289,UK,Female,Yes,No,1
23,52265.0,748,30,1,24900.87361090899,Germany,Female,Yes,Yes,0
33,122916.0,723,12,2,57670.239885775634,France,Male,Yes,Yes,0
46,132250.0,759,35,1,6725.591396736785,Germany,Female,Yes,No,1
20,136553.0,600,11,2,9491.793682166972,UK,Female,Yes,Yes,1
37,,602,64,2,99889.26120332906,France,Male,Yes,No,0
53,66197.0,586,110,2,32663.924942591093,USA,Male,No,Yes,0
36,145733.0,694,50,2,74818.39120488464,UK,Female,Yes,No,1
43,75180.0,309,85,2,80666.50530268165,Spain,Male,Yes,No,1
20,43710.0,569,21,2,85802.32710072292,UK,Female,Yes,No,1
36,49486.0,660,69,2,99762.82974021565,France,Male,Yes,No,1
37,91907.0,556,48,2,24149.648525686785,UK,Male,No,No,1
49,148876.0,432,20,2,4035.0826859699705,USA,Female,No,Yes,1
24,91895.0,575,101,1,41119.151799458596,USA,Female,Yes,Yes,0
69,84435.0,812,67,3,13008.066982894696,Spain,Female,Yes,Yes,0
58,60631.0,612,44,2,2242.5889162055123,Germany,Male,Yes,No,1
50,149038.0,583,33,3,36042.682714148614,France,Female,No,Yes,0
57,121532.0,420,117,2,78373.82510752365,France,Female,No,No,1
56,40103.0,406,73,2,56618.069122507084,Germany,Female,No,No,1
35,84772.0,503,61,1,31277.798921035406,USA,Female,No,Yes,0
57,146108.0,464,9,4,65434.20054927197,USA,Female,Yes,No,1
18,34382.0,604,68,4,23201.818030881073,UK,Male,No,Yes,0
28,104291.0,796,35,1,1438.1446072085025,Spain,Female,No,No,1
45,121195.0,455,81,3,76435.33864364274,Spain,Female,Yes,No,1
42,23756.0,666,98,4,62374.30848640091,Spain,Male,Yes,Yes,0
67,40609.0,550,88,1,76230.262450096,UK,Female,No,No,1
40,134074.0,633,96,1,3893.8016687665613,Spain,Female,No,Yes,1
48,36478.0,810,65,4,83711.96278306522,Germany,Female,No,No,1
47,120978.0,592,8,3,61952.620003630334,UK,Female,No,Yes,0
59,59666.0,319,45,1,56339.535071264014,Germany,Female,Yes,No,1
52,95683.0,581,87,2,62461.40481145316,UK,Male,Yes,Yes,0
24,119097.0,300,47,3,86443.32468683641,Spain,Male,No,Yes,1
33,144714.0,418,40,3,58693.650655890706,Germany,Male,No,No,1
43,120420.0,334,76,4,58095.03798881793,Germany,Female,No,Yes,0
65,91315.0,497,54,4,99067.91570657658,Germany,Male,No,No,1
69,97834.0,784,76,2,75673.0167068568,UK,Female,No,No,0
66,146205.0,358,46,1,44229.38054511353,France,Female,Yes,Yes,1
19,34153.0,460,47,4,70739.70000329278,Spain,Female,Yes,Yes,1
18,129415.0,505,15,4,38923.04716917885,Germany,Male,Yes,Yes,0
65,96325.0,311,105,3,22887.5462483499,France,Male,No,Yes,0
29,129701.0,789,19,4,59685.18768877594,Spain,Male,No,Yes,0
22,32999.0,575,26,4,92818.20981139515,Spain,Female,Yes,No,1
54,75318.0,541,52,4,92913.95200154628,Germany,Male,Yes,Yes,0
49,20814.0,515,93,4,34190.52781054903,Germany,Female,No,No,1
26,135033.0,550,22,3,52767.7466221695,UK,Male,Yes,Yes,0
58,96077.0,425,104,2,21163.58985698612,France,Male,No,Yes,0
52,110474.0,516,21,2,99563.11094988835,France,Female,No,Yes,0
36,22443.0,605,51,1,98111.79078679357,Germany,Female,Yes,No,1
65,95993.0,484,38,4,64950.89297074473,Spain,Male,Yes,Yes,0
33,95916.0,338,20,3,80441.40596774734,Germany,Male,Yes,No,1
20,93319.0,522,29,1,71510.01612837,Spain,Male,No,No,1
37,145885.0,483,51,1,59315.82190394682,Spain,Female,No,No,1
41,129777.0,794,4,2,5334.799698889769,Germany,Female,Yes,Yes,0
50,37368.0,726,55,3,45476.434255266104,USA,Male,No,No,0
41,35328.0,477,71,3,67478.63021674105,France,Male,No,Yes,1
69,76942.0,727,92,3,67753.16138836846,Spain,Female,No,No,0
28,111751.0,593,28,2,37312.26184223836,Spain,Male,Yes,Yes,0
66,,450,4,2,,USA,Female,No,No,1
25,47306.0,683,22,2,16735.7032236781,UK,Female,Yes,Yes,0
53,105451.0,607,76,2,50035.94462155606,USA,Female,Yes,Yes,0
55,59915.0,635,45,2,69088.39765508228,USA,Female,No,Yes,0
57,57219.0,674,67,4,69713.58058918093,Spain,Female,Yes,No,0
37,100879.0,307,86,4,64863.895676881555,France,Female,No,No,1
52,131939.0,640,108,3,27528.821345186017,USA,Male,Yes,Yes,0
65,84644.0,428,66,1,15620.656868662198,UK,Female,Yes,No,1
42,,651,88,3,63594.03268267109,Germany,Female,No,No,0
52,73028.0,657,34,1,59930.21161394377,USA,Male,Yes,No,1
42,124263.0,816,91,2,17935.6010289241,USA,Female,Yes,No,0
46,20126.0,794,55,1,70513.91455705633,UK,Male,Yes,No,1
35,72329.0,385,105,3,45517.19917336564,France,Female,No,No,1
63,47632.0,474,1,3,66776.05916031529,USA,Male,No,No,1
35,127099.0,492,72,1,83736.70797701507,USA,Male,Yes,Yes,0
19,85310.0,610,87,4,16972.842857692318,France,Female,Yes,Yes,0
52,129945.0,418,38,2,1914.4867996836679,UK,Female,Yes,No,1
33,75176.0,517,6,2,77910.25863957868,USA,Female,No,Yes,0
58,139797.0,726,86,3,60969.74251526159,France,Female,No,Yes,0
53,106066.0,713,25,4,69963.95696221216,USA,Male,Yes,Yes,0
50,125500.0,413,82,1,83815.49749886425,Germany,Male,No,No,1
21,146413.0,444,17,2,80281.09348245004,Spain,Male,No,No,1
50,64327.0,837,61,4,96092.01469288247,Germany,Female,No,No,0
31,88904.0,602,12,2,53593.507885211824,USA,Male,No,No,0
38,23797.0,644,6,4,48849.56326599054,UK,Female,Yes,No,0
65,67882.0,300,90,4,40188.719989073004,Spain,Female,No,Yes,0
37,33718.0,446,27,3,15369.104284420455,Germany,Male,No,No,1
25,54560.0,586,8,2,57260.72328820224,France,Female,Yes,Yes,0
24,96589.0,352,83,1,27701.252432597877,UK,Male,Yes,No,1
20,42116.0,603,106,3,92130.75122129754,,Female,No,Yes,0
34,56244.0,368,65,3,58319.080427709756,France,Male,No,No,1
50,121721.0,660,57,1,59284.01805081101,USA,Female,Yes,No,1
65,21645.0,519,93,3,35492.466087701,France,Male,Yes,No,0
29,67523.0,460,109,4,5198.935197770748,Germany,Male,Yes,No,1
68,144085.0,388,113,4,3174.376537298862,Germany,Female,No,No,1
39,137718.0,458,99,2,42333.51441531975,USA,Female,No,No,1
39,39256.0,788,40,2,8456.537809723784,France,Male,Yes,Yes,0
63,121376.0,623,14,1,,France,Female,No,No,1
47,120158.0,680,35,2,88097.30056396573,USA,Female,Yes,Yes,0
55,73173.0,401,48,4,88291.48165187222,France,Female,No,No,1
55,57430.0,793,109,1,65904.54101322324,USA,Male,Yes,Yes,0
62,59282.0,318,84,1,21123.1831472931,UK,Male,Yes,Yes,0
68,139719.0,753,56,2,86299.6831358872,Germany,Female,No,Yes,0
25,83374.0,781,49,4,88609.34353132082,UK,Female,No,Yes,0
44,88244.0,696,13,1,19665.35849529587,Spain,Male,No,Yes,0
44,,578,61,4,73742.60857706773,Spain,Female,No,Yes,0
51,76264.0,664,102,4,28651.954892712296,Spain,Male,No,No,1
38,95060.0,630,49,4,80264.03123529296,USA,Female,No,Yes,0
47,117416.0,643,46,2,99723.78999036027,,Female,Yes,No,0
50,77545.0,754,113,3,3002.6005329392815,UK,Female,No,No,1
45,138195.0,364,62,3,89736.58657909319,UK,Male,Yes,Yes,0
64,59224.0,375,8,1,62263.05335986581,UK,Male,Yes,Yes,1
50,122516.0,442,43,4,97338.26191648212,UK,Male,No,No,1
22,117945.0,772,20,2,46500.95175264276,Spain,Male,Yes,Yes,0
65,33224.0,716,97,4,84738.79305713737,UK,Female,Yes,Yes,0
36,60738.0,604,90,4,6239.406859827723,France,Female,No,Yes,0
21,45150.0,796,39,2,33527.90500782957,Spain,Male,No,Yes,0
52,83731.0,590,85,3,6701.653775120997,UK,Female,No,Yes,0
66,69688.0,401,117,4,97534.31334790705,USA,Female,Yes,Yes,1
34,119929.0,566,49,4,81697.39072718367,Germany,Male,No,Yes,0
61,,302,64,3,85254.74212459705,Germany,Female,No,No,1
45,93509.0,384,62,2,93796.52314338942,Germany,Female,No,Yes,0
47,28577.0,627,106,1,,Spain,Male,No,No,1
46,28070.0,749,107,3,38559.75925133334,UK,Female,Yes,No,1
63,146161.0,753,54,1,7103.488904400213,Spain,Female,No,No,1
23,28666.0,520,105,1,21079.310155002862,France,Female,Yes,No,1
52,77761.0,453,9,3,22936.577703767234,USA,Male,No,Yes,0
58,141178.0,311,88,4,46910.72110475787,USA,Male,Yes,No,1
54,56368.0,432,37,1,26856.216745364258,Germany,Female,Yes,No,1
41,26783.0,603,49,1,10097.810681776109,Germany,Female,Yes,No,1
46,131530.0,592,41,2,16749.10890941077,Germany,Female,No,No,0
66,61914.0,599,17,4,14727.556355209093,UK,Male,Yes,No,1
63,90507.0,342,88,1,97307.67979122984,France,Male,No,Yes,0
48,147738.0,642,21,2,75929.25069184737,France,Male,No,Yes,0
52,99026.0,625,51,4,96776.1465269562,France,Female,No,No,1
50,135893.0,797,59,3,43974.04865079085,France,Female,No,Yes,0
69,131255.0,663,39,3,27836.84816626566,Germany,Female,No,Yes,0
38,130616.0,726,55,2,79829.31972091866,USA,Female,Yes,No,0
49,87526.0,320,41,3,32625.39180411468,Germany,Female,No,No,1
40,90835.0,706,39,1,29938.337370534828,France,Male,Yes,No,1
50,65765.0,635,13,4,23250.59922078312,Germany,Female,Yes,Yes,0
20,39956.0,416,64,1,12967.897822423536,France,Female,Yes,No,1
35,107895.0,423,11,1,25646.306101676597,Spain,Female,Yes,Yes,1
42,66240.0,698,110,3,35531.97484738877,USA,Male,Yes,Yes,0
59,141008.0,350,19,1,67399.42081457304,Spain,Female,Yes,Yes,0
48,57148.0,623,11,3,6256.4842219451575,UK,Male,Yes,No,1
20,114270.0,440,77,4,21050.693966534294,Germany,Male,No,Yes,0
57,147978.0,769,46,4,,UK,Male,Yes,No,0
63,24757.0,633,45,1,14692.192358377077,Germany,Male,No,No,1
41,39097.0,672,1,2,34264.51465225215,Spain,Male,Yes,No,0
67,30395.0,793,40,3,86465.89218581401,France,Female,Yes,No,0
49,36241.0,838,108,3,15492.531114344265,,Female,Yes,No,0
64,123892.0,455,19,1,,Germany,Male,Yes,Yes,1
39,47696.0,590,76,3,48453.79950800108,France,Male,No,Yes,0
40,135654.0,443,72,3,30241.951127853637,Spain,Male,No,Yes,0
19,90480.0,405,72,2,,France,Female,No,Yes,0
44,66163.0,719,61,2,80380.48904834752,Spain,Female,Yes,Yes,0
59,39816.0,301,117,1,13714.848815274316,UK,Male,Yes,No,1
19,69840.0,389,109,2,58069.9084554285,Spain,Female,Yes,No,1
43,122547.0,644,12,1,50550.87603898639,USA,Female,No,Yes,0
34,72853.0,649,61,4,14407.878601319957,USA,Male,Yes,Yes,0
57,44917.0,758,112,1,62399.84855289824,,Male,No,Yes,0
50,116731.0,562,33,4,27364.041786077163,Germany,Female,No,No,1
26,41566.0,650,45,1,48783.43185440125,Germany,Female,Yes,No,1
60,95452.0,407,90,3,8227.232427706189,Germany,Female,Yes,No,1
65,82823.0,338,103,2,45958.4057213623,Spain,Male,No,Yes,0
56,141392.0,458,92,4,30646.34680428203,Germany,Male,No,Yes,0
46,,611,69,1,82238.12111853543,UK,Male,No,Yes,0
59,95520.0,540,8,2,5697.872699736828,USA,Female,Yes,Yes,0
43,21759.0,744,25,1,41860.72749183299,Spain,Female,Yes,No,1
52,146092.0,597,91,2,45843.1424131438,USA,Male,Yes,Yes,0
67,61949.0,335,46,2,72500.60762991187,Germany,Female,Yes,Yes,0
42,112374.0,383,87,1,57428.7575090211,Spain,Male,Yes,Yes,0
41,22482.0,751,30,4,66721.2337194181,France,Female,Yes,No,0
30,44442.0,684,109,4,,UK,Male,No,No,0
24,53719.0,471,47,3,86220.29736581887,Germany,Female,No,Yes,1
53,78066.0,675,87,2,31387.54967224705,Germany,Female,No,No,0
62,113501.0,661,49,3,53802.27053639029,UK,Male,Yes,No,0
37,22079.0,440,47,3,84010.80784391999,UK,Male,No,No,1
18,22717.0,417,84,1,98945.11309650564,France,Male,Yes,No,1
25,79676.0,576,82,1,88951.93110437632,Germany,Male,Yes,No,1
63,47952.0,519,18,1,37146.72626243768,Germany,Male,No,Yes,0
33,106444.0,325,66,2,19516.65172186504,USA,Female,Yes,Yes,0
31,62460.0,820,68,1,48939.253740658874,Spain,Male,No,Yes,0
29,110397.0,309,94,1,74164.14518360423,Spain,Male,No,No,1
68,92847.0,677,33,2,49256.90707532976,USA,Male,Yes,No,1
40,113607.0,451,36,2,48318.08633136685,Spain,Male,No,No,1
32,109106.0,348,82,4,83823.04210818006,UK,Male,No,No,1
45,38449.0,453,101,1,36140.37790671863,Spain,Female,No,Yes,1
51,53536.0,592,19,1,85979.46748116457,Spain,Male,No,Yes,0
19,84077.0,349,111,1,40680.48009517236,USA,Male,Yes,Yes,1
49,58258.0,830,28,4,32823.31056783394,France,Male,No,Yes,0
40,,359,40,1,45398.9911199699,Spain,Female,No,Yes,1
39,145937.0,466,84,4,76244.69586748685,Spain,Female,No,Yes,1
68,48865.0,501,113,3,12600.202786399428,France,Male,Yes,No,0
42,26645.0,445,97,4,,USA,Male,No,No,1
39,139771.0,738,76,3,95144.48256630919,France,Female,Yes,Yes,0
39,58000.0,541,115,1,17549.162738135736,USA,Female,No,No,1
66,46737.0,782,15,3,56772.73179310546,UK,Female,No,Yes,0
69,31485.0,407,41,4,57931.446666193784,USA,Male,No,Yes,0
59,58565.0,525,39,2,48962.44620502448,UK,Male,Yes,No,0
23,45522.0,731,2,3,64474.524857681856,UK,Female,Yes,Yes,0
32,139614.0,718,63,3,22982.672579761842,USA,Male,Yes,Yes,0
60,85155.0,754,29,1,55266.22677767482,Germany,Female,Yes,Yes,0
54,75168.0,459,105,4,37217.32552468972,USA,Female,Yes,No,1
50,72487.0,822,74,3,66166.7259629189,Spain,Female,Yes,No,0
25,149948.0,376,66,3,14122.354337314946,Spain,Male,No,No,1
61,32342.0,808,51,3,57087.74168394762,Germany,Female,Yes,No,0
61,60806.0,740,75,3,18527.03553833237,UK,Female,No,Yes,0
22,68770.0,553,77,2,27864.30631150364,Germany,Male,Yes,No,1
56,98623.0,619,10,4,21870.980032358322,Spain,Female,Yes,No,0
21,123177.0,562,14,1,18283.777986881712,Germany,Male,Yes,No,1
23,119785.0,673,82,1,,USA,Female,No,Yes,1
62,95629.0,466,51,2,28570.756766089034,Germany,Male,Yes,No,1
49,140993.0,758,118,4,92712.37818644493,UK,Female,Yes,No,0
69,72603.0,579,73,3,96992.65253451909,USA,Female,No,Yes,0
47,146944.0,601,39,2,57126.04699370974,France,Female,No,Yes,0
64,132726.0,830,28,4,14300.11226657264,Spain,Female,No,Yes,0
52,101974.0,517,3,3,37454.824337958125,Spain,Female,No,Yes,0
57,125947.0,401,84,2,79773.2263348214,Germany,Male,Yes,No,1
69,46399.0,587,70,4,36739.072869707044,USA,Male,No,Yes,0
33,148177.0,466,27,1,8701.721830278875,France,Female,Yes,No,1
30,105382.0,335,117,1,55678.4910928188,USA,Female,Yes,No,1
67,101244.0,652,2,4,84512.08514960347,Spain,Female,No,No,0
59,129575.0,372,93,1,79592.63871435024,USA,Male,Yes,No,1
47,135520.0,652,38,4,17512.314013035324,France,Male,No,No,0
36,130904.0,369,3,3,67276.46144124668,Germany,Female,Yes,Yes,0
34,96534.0,724,16,4,22050.42634356471,UK,Male,No,No,0
36,75106.0,816,94,3,21820.753455217222,USA,Female,No,No,0
45,132599.0,727,40,2,87407.17733051852,UK,Female,No,No,1
43,50678.0,838,2,4,24966.895274023016,Spain,Female,No,Yes,0
54,96218.0,459,81,2,26324.734651801118,Germany,Male,No,No,1
43,83230.0,448,41,1,65.33907612995549,Germany,Female,No,No,1
40,134684.0,529,12,3,87066.90341255176,USA,Female,Yes,Yes,0
26,94055.0,366,35,4,79259.48132091347,Germany,Female,Yes,No,1
29,76373.0,680,107,2,62732.8935090678,USA,Male,Yes,No,1
18,51480.0,357,65,3,75026.57639388423,USA,Male,No,Yes,1
18,105230.0,558,55,3,15204.85674244918,UK,Male,Yes,No,1
64,88836.0,641,45,1,45832.35945875754,Germany,Female,No,No,1
51,,429,79,1,35121.93873487809,USA,Male,Yes,No,1
49,59986.0,471,90,3,9377.652625701649,UK,Female,Yes,No,1
65,44160.0,508,101,3,48613.048521492405,France,Male,No,No,1
42,105595.0,653,85,4,92073.96503426354,UK,Female,Yes,Yes,0
57,121358.0,770,62,3,4005.911905069448,UK,Male,Yes,Yes,0
62,99111.0,415,49,4,29146.09134937939,USA,Female,Yes,Yes,0
18,84929.0,563,95,3,20754.093620570347,Spain,Male,No,No,1
33,93506.0,741,25,1,23814.665366569632,Spain,Male,Yes,No,1
56,54911.0,847,23,4,,Spain,Male,No,No,0
22,107127.0,752,24,2,46806.905423429016,UK,Female,Yes,Yes,0
39,51821.0,776,38,1,46629.94129398188,USA,Male,Yes,No,1
46,95039.0,586,28,4,76057.56424552824,Germany,Male,Yes,No,0
20,80535.0,602,21,4,15449.22040049258,UK,Male,Yes,No,1
29,133453.0,610,54,2,48726.535410005075,UK,Male,No,Yes,0
43,104458.0,507,107,4,42998.52141210597,USA,Female,Yes,Yes,0
33,32175.0,745,18,3,59691.06905466561,France,Male,No,No,0
68,139235.0,354,36,2,99955.77032504386,UK,Female,No,No,1
54,74771.0,311,99,1,76944.8894082047,France,Female,Yes,No,1
39,126660.0,699,45,1,39786.570301742715,France,Female,Yes,Yes,0
46,147157.0,814,119,3,82755.3052274047,Spain,Female,No,Yes,0
31,141300.0,841,73,1,17070.836331248018,USA,Male,No,Yes,0
45,106925.0,536,53,4,3046.3686308960123,France,Female,Yes,No,1
22,133374.0,578,102,4,20444.837246427305,USA,Female,Yes,Yes,0
64,86358.0,647,30,3,34041.155611425966,Spain,Female,Yes,No,0
66,37327.0,403,60,1,51058.07574595599,USA,Female,Yes,No,1
47,67057.0,816,108,1,61512.91405411998,UK,Male,Yes,Yes,0
63,26150.0,547,98,3,91060.57172144217,France,Male,No,No,0
69,24425.0,663,32,2,50985.40095504577,USA,Female,Yes,Yes,0
22,143654.0,620,67,1,50127.56446257294,Germany,Female,Yes,No,1
29,36032.0,585,67,2,5024.300982298213,USA,Female,No,No,1
33,22198.0,448,28,1,3491.155265622381,France,Male,Yes,Yes,1
43,80500.0,383,44,1,55115.996191637205,Spain,Male,Yes,No,1
43,,705,79,1,43817.86132483445,Spain,Male,No,No,1
65,40079.0,755,41,1,83918.03949802986,France,Male,Yes,No,1
38,56220.0,460,63,4,16067.958471184518,UK,Male,No,No,1
56,61874.0,759,23,2,2497.16621170496,UK,Female,Yes,No,1
53,33859.0,849,104,2,44903.87679301259,Spain,Male,Yes,No,0
50,70460.0,799,75,1,23747.85567522575,Spain,Male,Yes,No,1
47,,808,48,1,4961.437333883745,France,Female,No,No,1
54,138865.0,780,32,2,72459.82868476289,UK,Male,No,Yes,0
40,28705.0,413,57,4,11159.299995724747,Spain,Male,No,Yes,0
27,62880.0,660,118,3,60831.95000077717,UK,Male,No,No,0
22,149838.0,640,100,3,28104.975016688917,Spain,Female,Yes,No,1
53,43236.0,748,33,2,17349.6050355022,USA,Male,No,Yes,0
51,107955.0,479,24,1,37975.15229193174,Germany,Female,No,No,1
69,105514.0,706,39,1,80144.57762229537,USA,Female,No,Yes,0
48,123145.0,495,34,4,39209.35769045727,Spain,Male,Yes,Yes,1
27,35358.0,765,56,3,75076.96492110557,Germany,Male,Yes,Yes,0
36,119713.0,610,28,4,12548.62967991507,Germany,Male,No,No,0
49,114914.0,561,37,3,77277.14196650792,Spain,Male,No,No,0
18,122870.0,718,7,2,23693.332490664863,Spain,Female,Yes,No,0
22,96918.0,705,68,3,67739.31298888728,UK,Male,No,Yes,0
62,139179.0,442,37,4,56578.15548409963,Spain,Female,No,Yes,1
21,136243.0,641,56,4,92914.47172116874,France,Female,No,Yes,0
33,,615,65,4,38732.251797531404,Spain,Female,No,No,0
41,53572.0,400,65,2,6616.518883444045,,Female,Yes,Yes,0
33,98757.0,543,47,3,1915.5485551252905,Spain,Female,Yes,Yes,0
19,21279.0,789,20,3,82685.85609727532,UK,Male,Yes,No,1
66,83197.0,311,19,4,,France,Female,No,Yes,0
45,131496.0,538,29,3,77524.40518349492,USA,Female,No,Yes,0
49,82516.0,341,74,1,23442.56000115147,France,Male,Yes,No,1
44,,728,60,1,34508.37455132337,UK,Male,Yes,No,1
37,140674.0,457,18,1,3010.387221131894,France,Female,Yes,Yes,1
41,,515,92,3,96149.23245741121,Spain,Female,No,No,0
29,146457.0,761,35,2,66786.79067008135,Spain,Male,Yes,Yes,0
67,129397.0,433,43,2,93320.50877593062,UK,Female,No,No,1
52,37771.0,366,111,2,26549.64074290723,Germany,Male,No,Yes,0
50,49975.0,306,95,2,,Spain,Male,Yes,No,1
50,65648.0,825,91,1,67849.99682926378,USA,Female,Yes,Yes,0
68,145641.0,372,11,1,31754.970025758845,UK,Male,No,No,1
60,68285.0,698,49,4,84810.92350156301,France,Female,Yes,No,0
54,39063.0,704,113,3,94716.14629002479,France,Female,Yes,No,0
29,87642.0,429,38,3,88485.51176960043,USA,Female,No,No,1
20,110093.0,765,64,2,73906.69759393725,Spain,Male,No,No,1
18,134390.0,505,69,1,27746.467972495404,UK,Female,No,No,1
50,106143.0,565,8,2,28161.604210563175,USA,Male,No,No,0
57,57599.0,836,34,4,96336.0320446038,Spain,Female,No,Yes,0
27,71920.0,552,48,3,1028.4495935692028,UK,Female,Yes,Yes,1
60,48529.0,588,116,3,71604.99732421445,France,Male,No,No,0
61,55954.0,463,56,2,70624.61625552621,UK,Female,No,No,1
46,47856.0,394,76,4,62268.954094979745,Germany,Female,No,Yes,0
30,22573.0,409,102,3,99010.88460868658,UK,Male,Yes,Yes,0
29,98344.0,635,65,4,31187.943576372523,Germany,Male,No,No,1
48,55367.0,537,31,4,33997.18637932482,UK,Male,No,Yes,0
63,122337.0,680,4,2,7893.940294655555,Germany,Female,No,Yes,0
19,126732.0,735,113,1,44279.81365437374,France,Male,Yes,No,1
68,119608.0,782,109,2,26104.85262348481,Spain,Male,No,No,0
67,80774.0,324,50,1,34338.670217764426,Germany,Female,No,No,1
52,43752.0,416,69,4,83457.17902556277,Germany,Male,No,Yes,0
40,75029.0,781,30,1,93548.45135274957,,Female,Yes,No,1
34,,691,88,4,18573.307200518564,Germany,Female,Yes,No,0
43,71693.0,836,59,3,37250.89315534659,USA,Male,Yes,Yes,0
25,136739.0,378,67,3,92863.05621153941,France,Female,Yes,No,1
46,75961.0,472,75,3,6180.846068922263,USA,Male,No,Yes,0
43,126937.0,311,45,2,9236.052811137852,France,Male,No,Yes,1
27,144956.0,427,4,2,16279.098920622937,Germany,Male,Yes,Yes,1
43,96908.0,391,26,4,,USA,Male,Yes,Yes,0
51,145537.0,842,27,3,,Germany,Female,No,Yes,0
68,146678.0,831,46,2,96807.63814507335,France,Female,No,Yes,0
58,94532.0,746,118,3,44671.45272585203,Germany,Male,Yes,No,0
24,101994.0,689,107,2,50151.79603501664,USA,Male,Yes,No,1
21,76133.0,342,64,1,24665.861580540648,USA,Female,Yes,No,1
67,117425.0,553,91,1,47096.02524347335,Germany,Male,Yes,Yes,0
62,145055.0,429,106,3,66191.36326370115,UK,Female,No,No,1
28,81268.0,359,51,4,75117.71369540428,France,Male,Yes,Yes,1
46,112201.0,766,50,2,,France,Female,Yes,No,0
53,58243.0,586,6,2,57789.11126940883,Germany,Female,No,Yes,0
42,77384.0,816,59,1,90435.97749938573,UK,Female,No,No,1
38,51653.0,766,15,1,81740.78473061093,USA,Male,No,Yes,0
53,46657.0,644,117,4,75704.81146986254,Spain,Male,No,No,0
27,59952.0,681,30,4,5560.552168046062,Spain,Male,No,Yes,0
54,,552,42,4,687.7962219649314,Germany,Male,Yes,No,1
26,117432.0,355,101,3,21244.727719547296,UK,Male,Yes,Yes,1
41,141829.0,762,37,1,66352.35939134524,UK,Female,Yes,No,1
52,148377.0,756,42,3,41119.74888825458,France,Female,No,No,1
66,98411.0,382,101,1,40240.62592993117,USA,Female,Yes,No,1
52,21622.0,398,35,1,88458.68882296137,UK,Female,No,Yes,1
65,68756.0,448,87,2,89556.28481318387,Spain,Female,Yes,Yes,0
53,60809.0,628,6,1,90917.52640535857,USA,Female,Yes,Yes,0
35,36725.0,455,68,1,31387.80765150273,USA,Female,No,Yes,1
66,81396.0,489,18,3,69105.58127392617,Germany,Male,No,Yes,1
56,71226.0,793,73,1,27163.318127436964,UK,Female,Yes,No,1
49,126296.0,562,113,3,19060.983307444978,Germany,Male,Yes,Yes,0
41,,379,29,4,18463.24573473692,,Female,Yes,No,1
40,102565.0,699,77,1,34210.762086359406,France,Female,Yes,No,1
49,49402.0,559,59,1,42995.76197798217,Germany,Male,Yes,Yes,0
54,,400,47,3,83094.91710550684,Germany,Female,No,No,1
29,143489.0,658,116,4,11989.10934727121,Spain,Male,No,Yes,0
66,116523.0,679,17,2,73492.58473948942,Germany,Female,No,Yes,0
30,66828.0,520,109,4,53145.491418930535,UK,Male,No,Yes,0
40,140824.0,719,96,3,28794.534267599247,Spain,Female,Yes,No,0
42,67924.0,423,112,4,,Germany,Male,Yes,Yes,0
52,94182.0,721,22,3,29994.206977702266,Germany,Male,No,Yes,0
58,113065.0,530,68,3,59608.195523830596,France,Female,Yes,Yes,0
47,79052.0,362,69,2,43384.392285524424,Germany,Female,No,No,1
34,31664.0,784,37,1,16440.55290788787,USA,Male,Yes,Yes,0
66,55737.0,782,105,3,11658.307455569671,Spain,Female,Yes,No,0
37,121332.0,818,49,3,54669.568207213015,USA,Male,Yes,No,0
65,109563.0,454,13,2,90241.30332861035,Spain,Female,No,Yes,0
42,49373.0,391,34,3,34395.76865576855,France,Male,No,No,1
39,137369.0,825,109,1,73300.01072226232,Germany,Female,No,No,1
30,56397.0,754,86,2,65866.13549397669,Germany,Male,No,Yes,0
36,148575.0,809,53,1,93155.4914309481,Germany,Female,Yes,Yes,0
66,106145.0,482,87,1,82098.10172991408,Spain,Male,Yes,Yes,1
53,121371.0,685,51,2,56660.5258905463,Germany,Male,Yes,No,0
29,58709.0,704,3,3,,USA,Female,Yes,Yes,0
58,136074.0,545,42,1,89838.6466584035,Germany,Female,No,No,1
36,81120.0,770,98,1,39951.87845869348,France,Male,Yes,No,1
29,39250.0,722,32,1,32679.470585777737,USA,Male,Yes,No,1
26,41172.0,364,109,1,1081.108363519634,Germany,Male,Yes,No,1
24,31555.0,312,51,2,,Germany,Male,No,No,1
45,107410.0,512,113,2,80098.07004033649,UK,Female,No,Yes,0
31,98617.0,541,85,4,10445.451810015138,Spain,Male,No,Yes,0
48,73276.0,792,46,4,57685.738113270025,USA,Male,Yes,No,1
69,77492.0,512,108,1,46398.169816688736,UK,Male,No,No,1
36,73002.0,637,21,3,11870.909550911147,France,Female,Yes,Yes,0
64,140103.0,472,44,1,98056.82270607236,Spain,Male,Yes,Yes,1
33,144938.0,463,11,3,21469.588746335543,USA,Female,Yes,No,1
22,109599.0,764,103,1,6723.418009056115,Germany,Female,No,No,1
52,92355.0,796,68,4,59484.73795019096,USA,Female,No,Yes,0
29,111248.0,694,115,4,73886.66771330326,Germany,Female,Yes,Yes,0
42,44762.0,607,1,3,3244.3446047186962,Spain,Female,Yes,No,1
69,31046.0,482,92,1,65871.76387270221,Germany,Female,No,Yes,0
38,116999.0,809,63,3,53229.18759514544,France,Female,No,Yes,0
53,144130.0,845,24,4,10326.50088750484,Germany,Male,No,No,1
40,136021.0,526,99,1,17252.387694636207,France,Male,Yes,No,1
33,48769.0,735,13,1,56797.42973160805,Spain,Female,Yes,No,1
56,73302.0,721,111,3,29635.761351328838,Spain,Male,Yes,Yes,0
62,43150.0,320,98,2,93831.5728651316,USA,Male,No,No,1
59,88247.0,696,11,3,81874.02294840508,France,Female,No,Yes,0
56,24853.0,404,100,4,98356.7206513663,France,Male,No,No,1
31,114613.0,491,51,4,25967.0838950414,UK,Female,Yes,No,1
48,140900.0,316,17,4,96972.3632797977,UK,Male,Yes,Yes,0
22,109399.0,419,99,4,43123.38697915579,UK,Female,No,Yes,1
52,41792.0,692,82,4,34751.87953137546,Germany,Female,Yes,No,0
40,79129.0,724,104,2,5034.952696935325,UK,Male,No,No,0
46,126019.0,428,86,1,5276.5257859602625,France,Male,Yes,Yes,1
60,94478.0,429,24,3,69201.12559466547,Germany,Female,No,No,1
28,133811.0,328,19,3,45792.89944340279,Spain,Female,Yes,Yes,1
35,134130.0,396,37,4,22652.16260361057,USA,Female,Yes,Yes,0
64,87298.0,309,103,3,61397.03063252327,UK,Male,No,No,1
29,51987.0,541,85,4,25285.81182501112,Spain,Male,No,Yes,0
26,35850.0,531,8,2,57763.17543444226,France,Male,No,Yes,0
27,32112.0,583,28,2,35920.874698269035,USA,Male,No,Yes,0
61,141789.0,499,5,1,82355.2226611819,Spain,Female,No,No,1
34,44058.0,378,17,2,82069.61607667794,USA,Female,Yes,Yes,1
55,65420.0,472,101,2,47735.03981224013,UK,Female,No,No,1
24,58890.0,766,36,1,35081.91093350156,France,Female,No,No,1
63,86017.0,715,118,3,36255.979655909454,USA,Male,No,No,0
30,67304.0,748,19,4,80571.45256682178,Spain,Female,Yes,Yes,0
57,52921.0,386,64,4,32817.9482797612,UK,Female,No,Yes,0
59,125921.0,400,91,3,,UK,Male,No,No,1
26,21524.0,307,117,1,8468.834187530683,Spain,Male,No,No,1
67,120424.0,499,98,3,46669.31208844084,Spain,Female,Yes,Yes,0
44,35048.0,804,11,2,48213.20989198419,USA,Male,Yes,No,1
19,55111.0,386,54,1,84090.87104029072,Germany,Female,No,No,1
22,57904.0,342,45,1,22123.8696446064,UK,Male,Yes,Yes,1
46,74912.0,684,47,1,38099.12736683999,USA,Male,No,No,1
54,54008.0,734,12,4,80840.57388936909,Spain,Female,Yes,Yes,0
55,20060.0,707,118,3,82362.36107489734,USA,Male,No,Yes,0
36,94666.0,782,21,1,38461.10759787682,Spain,Female,Yes,No,1
25,103559.0,316,118,1,45912.40232866809,France,Male,No,Yes,1
65,75337.0,447,11,1,30328.58908492829,Spain,Male,No,Yes,1
62,130616.0,576,103,3,93255.4878419312,Spain,Male,Yes,Yes,0
18,33350.0,531,92,4,11864.37657415803,Spain,Male,No,No,1
39,44354.0,665,5,2,93374.942300147,Germany,Male,No,No,0
69,65186.0,527,81,4,68386.64518353432,Spain,Female,No,No,1
34,48145.0,735,56,1,53157.21526867312,UK,Male,No,Yes,0
24,54020.0,698,20,4,3265.9060784495873,UK,Female,Yes,Yes,0
42,106123.0,510,41,4,47559.61918220083,USA,Male,No,No,0
62,126667.0,690,46,2,40774.810500273226,Germany,Female,Yes,No,0
21,95186.0,798,12,3,16121.881197512255,USA,Male,Yes,Yes,0
53,105469.0,839,70,3,65640.9603500657,UK,Female,Yes,No,1
23,40581.0,790,17,4,97115.09073682858,UK,Female,Yes,No,0
48,108929.0,741,115,4,56218.881106452514,France,Male,No,No,1
36,43051.0,560,19,3,71475.32764439458,Spain,Male,No,No,1
61,71474.0,649,26,3,6845.045256601678,UK,Male,Yes,No,0
56,111748.0,651,48,2,41766.699581699475,USA,Female,No,Yes,0
44,145995.0,819,108,1,11635.848516449587,USA,Female,Yes,No,1
27,134618.0,619,108,4,61279.58355365104,Spain,Male,No,No,1
43,89626.0,437,52,3,93848.21582141546,Spain,Male,No,Yes,0
36,26960.0,849,96,4,66177.77324716384,France,Female,No,Yes,0
56,55772.0,667,70,4,7680.304831442153,Germany,Female,Yes,Yes,0
20,41520.0,519,55,3,35466.62049850828,USA,Male,Yes,Yes,0
62,69481.0,636,100,2,55066.33794408515,Spain,Female,No,No,0
30,56408.0,522,102,4,40320.77561332522,USA,Male,Yes,No,1
67,114006.0,659,75,2,83364.40104751724,Spain,Male,Yes,No,1
45,148496.0,628,33,3,81467.10047099892,UK,Male,No,No,0
37,77134.0,762,62,1,61183.102010322145,USA,Female,Yes,Yes,0
45,40491.0,681,88,1,37345.79451327053,,Female,No,Yes,0
25,21341.0,468,23,4,25533.637376324416,USA,Female,No,No,1
58,64623.0,516,15,3,10587.431821312932,Germany,Female,No,No,0
56,,677,27,2,35489.7683486554,France,Male,Yes,No,0
18,20338.0,418,75,4,41317.25172077195,UK,Female,No,No,1
20,91431.0,489,64,3,67582.29251040737,Spain,Male,No,Yes,1
30,32254.0,669,115,3,65815.98242975735,Germany,Male,Yes,No,1
45,71860.0,448,114,2,7010.813964125695,USA,Male,Yes,Yes,0
66,31344.0,787,81,4,39525.93154311578,UK,Female,Yes,Yes,0
42,21750.0,673,51,3,18177.88672173619,USA,Male,Yes,Yes,0
50,74756.0,459,53,3,15681.27053168057,USA,Male,No,Yes,0
55,87957.0,650,78,3,82730.21497372459,USA,Female,Yes,No,0
23,125423.0,587,91,2,4191.521671625753,France,Male,Yes,No,1
61,78053.0,587,82,4,41918.28759021213,France,Female,Yes,No,0
62,90855.0,525,92,4,16820.36557665182,Spain,Female,Yes,No,0
49,35896.0,822,51,4,87933.0215678474,UK,Female,No,Yes,0
62,75761.0,821,47,4,55704.05132750351,Germany,Male,Yes,Yes,0
64,82552.0,572,111,1,23138.0636376848,Germany,Female,No,Yes,0
38,140075.0,701,4,1,50242.72871663764,Germany,Female,Yes,No,1
33,97454.0,482,7,4,73148.63597031159,USA,Female,No,Yes,0
38,146522.0,787,109,2,95811.80089194338,France,Female,No,Yes,0
28,138681.0,423,35,1,22044.600424541895,UK,Male,Yes,Yes,1
54,110600.0,713,48,3,88618.17721293452,USA,Female,No,Yes,0
53,142732.0,471,73,1,93430.41141674903,France,Male,Yes,No,1
52,132153.0,587,72,3,91642.05445320663,France,Female,No,Yes,0
36,142926.0,734,116,4,63541.435686190984,UK,Male,No,Yes,0
37,47935.0,412,45,1,62982.06544347077,UK,Female,No,No,1
35,57641.0,421,81,2,40321.06331838228,UK,Male,Yes,No,1
64,49711.0,843,81,1,75239.78823037879,USA,Female,No,No,1
58,90342.0,521,113,1,53129.401835093195,Spain,Male,Yes,Yes,0
66,126896.0,338,97,1,67743.80712282944,UK,Male,No,Yes,1
31,32182.0,796,96,4,42845.79038487955,Spain,Male,No,Yes,0
32,107833.0,532,72,2,73149.64640431391,USA,Female,No,Yes,0
48,76276.0,829,19,1,82447.1517604549,Spain,Male,No,No,1
18,39541.0,448,63,2,14643.625660281612,Germany,Male,No,Yes,0
20,114457.0,696,38,4,83292.9715574228,Spain,Male,No,Yes,0
33,102310.0,601,67,3,54029.65317903072,UK,Male,Yes,No,0
40,64813.0,659,59,1,84466.59090902243,USA,Female,Yes,No,1
28,57198.0,537,69,2,43130.17063410146,UK,Male,Yes,No,1
29,28820.0,535,13,2,37904.048538303505,Germany,Male,No,Yes,0
27,44070.0,502,47,4,91506.07325172223,UK,Male,Yes,Yes,0
49,89768.0,555,110,1,25116.92675484013,UK,Female,No,Yes,0
33,,534,61,3,84421.2325286143,UK,Male,Yes,Yes,0
25,100559.0,644,31,2,48402.05725094041,France,Male,Yes,Yes,0
55,93543.0,833,119,1,51409.54425512597,Germany,Male,No,No,1
29,103441.0,765,80,3,30846.828148948403,UK,Male,No,No,1
41,61786.0,840,114,2,57304.220061901564,UK,Female,Yes,Yes,0
45,114934.0,512,96,2,32521.11962762113,UK,Male,Yes,Yes,0
25,119804.0,762,22,3,3926.941424165231,USA,Male,Yes,Yes,0
45,26737.0,735,93,3,27199.860534435604,France,Female,Yes,Yes,0
53,56062.0,582,86,4,637.9043406590679,USA,Female,No,Yes,0
43,74237.0,762,43,1,97835.47870568566,France,Female,Yes,No,1
25,71571.0,706,67,1,96574.72098197475,UK,Male,No,No,1
67,45510.0,387,54,4,39515.5297472305,Germany,Female,No,No,1
45,,343,10,2,72837.0854339646,Spain,Male,Yes,Yes,0
45,57265.0,760,42,3,34580.6098410425,Spain,Female,No,Yes,0
54,37850.0,577,64,3,67109.31570859761,UK,Male,Yes,No,0
58,138249.0,720,21,3,80543.00430459791,USA,Female,No,No,1
53,86150.0,652,80,2,94675.62446922407,Germany,Male,No,Yes,0
44,107312.0,814,76,3,40021.2275849672,France,Female,Yes,No,1
34,109613.0,318,66,3,78329.79829560476,UK,Male,No,No,1
26,94910.0,322,41,4,26592.84506321188,Germany,Male,No,Yes,1
50,72375.0,712,24,2,99033.23037936483,Germany,Male,Yes,No,0
37,141826.0,329,35,1,2576.9598764351144,France,Male,No,No,1
30,55435.0,407,56,4,60352.88065011209,Germany,Male,No,No,1
45,116443.0,666,30,4,65950.59816513272,USA,Male,Yes,Yes,0
65,77132.0,580,57,1,68804.55570741289,USA,Male,Yes,No,1
46,98945.0,427,94,4,12038.7578789089,USA,Male,No,No,1
30,102050.0,528,47,2,93852.97834731304,Germany,Female,No,No,0
63,149828.0,410,35,3,18118.327905008282,USA,Male,No,Yes,0
52,115402.0,435,19,2,62275.34032398411,France,Male,Yes,Yes,1
23,22983.0,661,114,1,22267.607912308496,Germany,Female,No,No,1
35,117241.0,485,8,1,30721.64170212709,Spain,Male,No,Yes,1
68,40662.0,428,26,4,54645.85417281243,Germany,Female,No,No,1
22,43510.0,560,113,2,41719.34185645765,France,Male,No,Yes,0
64,98187.0,814,104,2,16022.560097650628,Spain,Female,No,Yes,0
42,60998.0,748,71,1,17093.640242084828,Germany,Female,No,No,1
19,76846.0,403,30,2,41814.47881627997,USA,Male,Yes,No,1
27,114071.0,782,7,1,75728.29782755008,UK,Female,Yes,No,1
47,26640.0,523,67,2,89796.46468477885,UK,Male,No,Yes,0
67,64547.0,790,65,2,8412.766225938283,USA,Male,No,No,1
62,74620.0,772,36,2,39310.390755940105,UK,Male,Yes,Yes,0
22,35317.0,309,25,1,10024.556372287663,UK,Male,Yes,Yes,1
50,135608.0,704,37,4,1659.2480632597883,USA,Female,Yes,No,1
18,27564.0,601,1,2,66171.86826439566,USA,Male,No,Yes,0
35,47345.0,530,15,1,60244.94419665878,Germany,Female,No,No,1
49,133824.0,365,37,1,16301.91138148862,Germany,Female,No,Yes,1
64,114223.0,411,13,2,23381.28330930641,USA,Male,No,No,1
66,143372.0,312,104,2,2370.775364451838,France,Male,Yes,Yes,1
28,99273.0,692,8,4,83494.72056944037,UK,Male,Yes,Yes,0
38,94859.0,799,5,1,97469.05960485515,Germany,Male,Yes,No,1
43,100765.0,533,60,1,13545.953679469081,,Female,Yes,Yes,0
42,130017.0,613,73,3,23147.52137652981,Spain,Male,No,No,0
39,94038.0,311,1,1,86840.9523946934,USA,Female,No,Yes,1
44,143618.0,508,36,4,92646.37979561849,France,Male,Yes,Yes,0
66,72393.0,313,35,3,41962.738280681035,Spain,Male,Yes,Yes,0
30,86081.0,717,66,3,5062.247226907412,Spain,Male,Yes,No,0
50,145341.0,736,63,3,3939.18336928194,Spain,Male,Yes,No,1
51,122650.0,676,104,2,57394.986606901046,USA,Female,Yes,No,0
58,49430.0,319,23,2,39289.510889317906,Germany,Female,No,No,1
52,95532.0,369,9,1,2865.2427577654516,USA,Male,No,No,1
18,47788.0,510,34,3,58325.23923125568,Germany,Female,Yes,Yes,0
38,115505.0,400,46,4,1130.2536589022473,Spain,Female,Yes,Yes,0
65,68543.0,431,78,2,78737.1958149273,Spain,Male,Yes,No,1
23,33919.0,680,4,4,30643.282270337157,France,Male,No,Yes,0
45,89346.0,431,30,4,4025.80030092321,Germany,Female,No,Yes,1
34,116122.0,319,95,2,58835.22209831533,Spain,Female,No,Yes,0
22,59974.0,835,102,2,39768.44144330547,UK,Female,Yes,Yes,0
48,127309.0,526,75,2,97380.04133571495,France,Female,No,No,1
22,36371.0,453,99,2,54419.86625037022,USA,Male,Yes,Yes,0
55,65084.0,768,72,3,27523.918103700827,,Male,No,No,0
20,49629.0,704,3,3,70943.88646339747,UK,Female,No,No,1
40,71184.0,501,14,3,27149.200254271134,Germany,Male,No,Yes,0
54,81916.0,337,60,3,90424.32914075651,USA,Female,Yes,No,1
54,147293.0,487,77,1,37472.197050737646,USA,Female,Yes,Yes,0
27,93972.0,356,45,3,54986.85627762052,Germany,Male,No,Yes,0
27,,319,96,2,5057.310382422886,France,Female,Yes,Yes,1
36,32984.0,572,34,4,42612.12379522308,Spain,Female,Yes,No,0
34,53039.0,418,45,3,83236.3539660995,France,Male,Yes,No,1
38,105431.0,815,61,1,80564.8805363342,UK,Male,Yes,No,1
31,103691.0,520,83,2,22431.855885352627,Spain,Female,Yes,Yes,0
26,78606.0,825,102,4,22607.90710105627,France,Female,Yes,Yes,0
63,30616.0,814,16,4,81730.53122132368,Germany,Male,Yes,Yes,0
18,122665.0,635,66,3,93039.84201693255,UK,Female,No,No,1
68,125373.0,354,40,4,9536.092127300355,UK,Female,Yes,Yes,0
62,70072.0,799,17,3,45005.86394262253,UK,Male,Yes,Yes,0
30,44574.0,835,119,3,,Spain,Male,No,No,0
21,23430.0,461,34,2,87068.84554574393,USA,Male,No,No,1
18,139123.0,458,106,2,8352.491468001877,Spain,Male,No,No,1
66,32676.0,487,16,1,21112.594255803742,France,Male,No,Yes,0
57,30816.0,359,102,2,75246.83375864943,USA,Male,Yes,Yes,0
49,52733.0,618,60,2,5129.384898121559,France,Female,No,Yes,0
51,,510,66,3,49253.53807142893,USA,Female,No,No,0
45,22050.0,705,66,2,44210.703467972,Spain,Male,Yes,No,0
48,129996.0,408,90,3,33440.117898874865,UK,Male,Yes,No,1
25,53933.0,375,13,3,39457.23153189238,Germany,Female,Yes,No,1
56,44951.0,841,56,2,52994.0586930233,UK,Female,No,Yes,0
43,52413.0,613,111,1,16136.735838838313,Spain,Female,Yes,Yes,0
51,54801.0,416,31,1,57199.587828359276,USA,Male,No,Yes,1
20,75619.0,318,34,4,80543.23292999863,UK,Male,Yes,Yes,1
67,52913.0,731,39,4,76016.0929790159,,Female,Yes,Yes,0
29,132573.0,649,67,2,15389.990469377368,France,Male,No,Yes,0
18,139076.0,482,8,1,14924.946974147391,Germany,Male,Yes,Yes,1
61,,412,87,3,26817.436774491332,UK,Male,Yes,Yes,1
22,77775.0,482,78,4,36107.472634103724,USA,Female,Yes,No,1
47,110816.0,780,55,3,40845.55814084826,France,Female,Yes,No,0
47,149972.0,445,27,4,67969.72168333453,Spain,Male,Yes,Yes,0
34,110093.0,412,118,2,5668.04321658354,Germany,Male,No,No,1
65,132590.0,775,93,1,3467.2704226066385,USA,Male,No,Yes,1
64,55400.0,602,103,4,39191.0562943909,Spain,Male,Yes,Yes,0
40,,417,53,1,69716.36921379804,Spain,Male,No,No,1
32,100688.0,460,39,3,19343.534295648256,UK,Female,No,Yes,0
54,142744.0,700,65,2,64150.44812562517,UK,Male,No,Yes,0
38,109431.0,497,17,1,25982.813794029946,USA,Male,Yes,Yes,1
31,94691.0,559,105,2,88608.61088135163,Spain,Male,Yes,Yes,0
19,117419.0,346,30,1,89568.99442666165,UK,Female,Yes,Yes,1
28,128730.0,698,53,3,29728.72042813265,Germany,Female,No,Yes,0
68,63001.0,377,13,3,22999.375396324052,Germany,Male,No,Yes,0
56,87364.0,423,21,2,41130.39720662313,Spain,Female,Yes,No,1
55,144988.0,374,19,3,24053.158518014872,UK,Female,Yes,No,1
51,,436,53,4,67238.38432917037,USA,Female,No,Yes,0
55,,699,19,1,82606.46845482856,USA,Female,No,No,1
67,117659.0,804,57,3,67309.2130911217,USA,Female,Yes,Yes,0
51,,799,25,4,82435.04472493495,Germany,Female,No,Yes,0
35,20806.0,437,86,2,39699.21622074741,UK,Male,No,Yes,1
47,144343.0,349,31,4,15631.697070886086,UK,Female,No,Yes,1
32,76638.0,553,81,2,73795.09473975921,Germany,Female,No,No,0
44,148301.0,725,55,2,,USA,Male,No,No,0
68,146295.0,846,23,1,67127.08252291325,USA,Male,No,No,1
51,126506.0,601,32,1,27064.394198176567,Spain,Male,No,No,1
69,49757.0,648,62,4,8122.963480667267,France,Male,Yes,Yes,0
55,54636.0,348,74,1,99258.17954877633,UK,Female,Yes,No,1
50,100097.0,373,10,1,15620.150793059927,UK,Female,No,Yes,1
41,68280.0,560,100,1,98842.0993963481,UK,Female,No,Yes,0
32,,655,72,4,97727.99325664472,France,Female,No,No,0
47,100435.0,559,54,3,79381.81039080396,Spain,Male,Yes,Yes,0
59,82211.0,594,52,1,65942.29620819975,France,Female,Yes,No,1
68,74842.0,612,20,1,57780.70502510847,USA,Female,No,No,1
34,148583.0,481,32,4,86610.15453778347,USA,Male,Yes,No,1
22,76979.0,663,114,3,28943.952161948793,UK,Female,No,No,1
46,134524.0,487,14,1,46768.1212484877,Germany,Female,No,No,1
21,101470.0,842,50,2,61938.99693665019,UK,Female,No,Yes,0
27,58197.0,847,28,4,41119.047586949106,Germany,Female,No,No,1
34,61844.0,707,110,1,42748.645409026794,France,Male,No,No,1
27,,713,116,1,33028.46675020844,USA,Male,No,Yes,0
34,121868.0,641,53,2,56423.1816684536,Germany,Male,No,No,0
37,54157.0,519,24,2,85057.45280151161,France,Male,Yes,No,0
41,97129.0,462,79,4,20152.837800631285,USA,Male,No,Yes,0
22,60042.0,519,22,4,93443.30387534414,Germany,Female,Yes,Yes,0
51,81665.0,569,30,2,68908.76537482296,UK,Female,No,No,1
23,135512.0,699,63,4,82327.32126800301,UK,Male,No,Yes,0
19,136953.0,481,4,2,55619.06926300116,UK,Male,Yes,No,1
30,102856.0,504,77,1,77951.67014240635,France,Male,Yes,Yes,0
60,47376.0,527,59,2,1620.039733946721,UK,Female,No,No,1
60,129049.0,549,87,2,81838.04247795352,Spain,Male,Yes,No,0
65,75554.0,740,8,3,4013.8859085366516,USA,Female,No,No,1
28,34199.0,832,82,2,88991.33763628625,France,Female,No,Yes,0
68,138533.0,495,12,2,99196.27472386434,UK,Female,Yes,No,1
64,101412.0,818,119,3,29406.74621767778,USA,Female,Yes,Yes,0
40,,369,31,4,21031.855628579364,Germany,Male,Yes,No,1
33,93781.0,698,78,3,76536.33638580407,UK,Female,Yes,No,0
48,92750.0,502,34,1,25302.63409202532,USA,Female,No,No,1
28,86262.0,447,82,3,86556.23831722034,Spain,Male,Yes,No,1
33,137424.0,771,98,1,10284.25921574767,Germany,Female,Yes,No,1
25,66600.0,498,75,4,12595.519637935826,Spain,Female,Yes,Yes,1
21,96898.0,725,105,3,97915.15551006155,USA,Female,Yes,Yes,0
57,82483.0,791,76,3,67383.88982700047,Spain,Male,Yes,Yes,0
21,38297.0,441,49,4,84688.72244289528,USA,Female,No,No,1
42,50448.0,612,79,1,32432.9377351518,USA,Female,No,No,1
20,46172.0,464,57,3,67648.37495206045,Spain,Male,Yes,Yes,1
49,62874.0,613,95,1,59424.18273085972,USA,Male,Yes,No,1
20,27657.0,320,113,3,60315.0120122947,UK,Female,No,No,1
44,104386.0,381,93,2,68253.24595377216,USA,Female,Yes,No,1
46,145617.0,430,26,3,57535.917312909856,France,Male,No,Yes,0
49,,604,18,4,42906.2369302666,USA,Female,No,Yes,0
67,46685.0,670,96,4,27592.269438054685,France,Male,Yes,Yes,0
68,142000.0,683,86,1,76858.1330913202,USA,Female,No,Yes,0
36,132855.0,744,38,3,22627.24300031862,USA,Male,Yes,Yes,0
38,44578.0,724,81,1,69235.43061544142,Spain,Female,Yes,No,1
22,48831.0,460,87,1,23333.282264932663,UK,Male,No,No,1
35,27906.0,477,88,2,62533.01699544539,UK,Male,No,No,1
45,,789,50,2,74707.8267129029,Germany,Male,Yes,No,0
59,74028.0,626,8,4,21871.38889065392,Spain,Male,No,Yes,0
39,27287.0,588,41,1,5994.330086130828,Spain,Male,Yes,Yes,0
38,,653,6,4,13097.374299417408,UK,Female,No,No,0
23,95758.0,327,69,3,60599.69672710255,Spain,Female,No,Yes,1
18,80504.0,342,44,1,84944.64062257356,UK,Male,Yes,No,1
22,,722,64,1,4499.682123542437,Spain,Female,Yes,No,1
58,122979.0,476,29,3,73415.12590416463,USA,Female,Yes,No,1
29,54701.0,828,28,3,34131.864595005216,UK,Female,No,No,0
43,103300.0,793,11,4,47852.83699195225,UK,Female,Yes,Yes,0
63,,497,65,4,92885.95498455656,France,Female,Yes,No,1
51,37674.0,816,107,3,33197.150473584545,Spain,Female,No,Yes,0
66,103560.0,813,19,4,46533.693393948604,Spain,Male,No,No,0
31,131543.0,321,9,3,1368.2414760681106,UK,Female,Yes,No,1
43,43874.0,411,27,1,8159.872000483837,USA,Female,Yes,No,1
62,63642.0,356,34,1,25859.159113478403,USA,Female,Yes,No,1
44,,365,44,2,2785.22408210744,USA,Male,Yes,Yes,0
26,117820.0,397,68,1,63137.5326048251,Spain,Female,No,No,1
43,85160.0,443,100,3,42639.83568016225,France,Female,No,Yes,0
64,37602.0,734,82,4,54814.520272802205,UK,Female,Yes,No,1
39,123320.0,385,15,2,17464.718589632954,Germany,Male,Yes,No,1
64,108801.0,643,51,4,29593.20294366161,France,Female,Yes,No,0
47,45931.0,593,13,3,66382.44748527251,Germany,Male,No,Yes,0
60,114377.0,542,83,1,96530.27236303999,France,Female,Yes,No,1
65,49192.0,331,49,2,5041.67736022092,USA,Male,Yes,No,1
34,66542.0,690,70,3,89038.43208552661,Spain,Male,No,No,1
43,147015.0,576,112,2,57688.12013112084,Germany,Male,No,No,0
53,62520.0,831,56,2,56391.956675562375,France,Female,Yes,No,0
18,84772.0,453,76,1,50027.853520776036,Spain,Male,Yes,Yes,1
25,78762.0,682,51,3,6939.4085904183385,Germany,Male,No,Yes,0
66,70106.0,367,37,4,,UK,Male,Yes,No,1
52,101121.0,513,17,2,60091.200565908606,France,Male,Yes,No,1
69,45559.0,675,58,2,34095.85714355583,UK,Female,No,Yes,0
32,125595.0,512,87,4,91726.80665776807,USA,Female,No,No,1
64,53742.0,378,90,3,40659.05373594723,UK,Female,No,Yes,0
39,89669.0,680,29,2,14328.145870264108,UK,Female,Yes,No,0
31,100199.0,357,33,2,71471.8833502036,France,Male,No,No,1
43,41754.0,325,60,2,29335.342144100985,USA,Female,No,Yes,0
45,23972.0,746,91,3,52547.03073558932,UK,Male,Yes,No,0
40,90831.0,365,89,3,69783.278550517,Spain,Female,Yes,Yes,0
31,132217.0,553,55,4,90026.41112020703,Germany,Female,No,Yes,0
41,,343,10,3,79219.11948016762,UK,Female,No,Yes,0
19,114661.0,396,47,3,67636.10678727241,USA,Male,Yes,No,1
62,126532.0,526,23,1,67963.31823951435,UK,Female,Yes,Yes,0
43,146267.0,735,85,4,94592.46440320865,Germany,Female,No,Yes,0
31,29903.0,678,21,2,29582.409749653605,USA,Female,No,No,0
68,23020.0,477,107,3,111.20941961874075,France,Male,Yes,No,1
24,61755.0,726,13,2,27195.45593981987,USA,Female,No,No,1
20,105956.0,606,101,2,21789.1379626744,France,Female,Yes,No,1
64,106988.0,803,33,1,66183.45851139982,USA,Male,No,No,1
40,,567,24,3,63371.1599765529,Germany,Male,Yes,No,0
63,123537.0,307,108,4,59346.13827047238,Germany,Female,Yes,Yes,0
60,145991.0,807,11,3,1624.34432094537,USA,Female,No,No,1
64,29516.0,775,17,2,72877.80544506475,UK,Female,No,Yes,0
62,132863.0,596,68,4,32353.041248549154,Germany,Male,Yes,No,0
35,135005.0,463,47,3,66505.59890066311,France,Male,No,Yes,0
55,22396.0,784,25,2,55657.84285021533,France,Male,No,Yes,0
